INSERT INTO Movie (movie_id, movie_name, duration, release_date)
VALUES
    (1, 'Avatar', 162, '2009-12-18'),
    (2, 'The Matrix', 136, '1999-03-31'),
    (3, 'Pirates of the Caribbean: The Curse of the Black Pearl', 143, '2003-07-09'),
    (4, 'Titanic', 195, '1997-12-19'),
    (5, 'La La Land', 128, '2016-12-09'),
    (6, 'Everything Everywhere All at Once', 139, '2022-03-11'),
    (7, 'The Dark Knight', 152, '2008-07-18'),
    (8, 'Inception', 148, '2010-07-16'),
    (9, 'Terminator Salvation', 115, '2009-05-21'),
    (10, 'Clash of the Titans', 118, '2010-04-02'),
    (11, 'Guardians of the Galaxy', 121, '2014-08-01'),
    (12, 'Avengers: Infinity War', 149, '2018-04-27'),
    (13, 'John Wick', 101, '2014-10-24'),
    (14, 'Speed', 116, '1994-06-10'),
    (15, 'Memento', 113, '2000-10-11'),
    (16, 'Chocolat', 121, '2000-01-19'),
    (17, 'Edward Scissorhands', 105, '1990-12-07'),
    (18, 'Pirates of the Caribbean: Dead Mans Chest', 151, '2006-07-07'),
    (19, 'The Lord of the Rings: The Fellowship of the Ring', 178, '2001-12-19'),
    (20, 'The Hobbit: The Desolation of Smaug', 161, '2013-12-13'),
    (21, 'The Dark Knight Rises', 164, '2012-07-16'),
    (22, 'The Revenant', 156, '2015-12-25'),
    (23, 'The Reader', 123, '2008-12-12'),
    (24, 'Revolutionary Road', 119, '2008-12-26'),
    (25, 'Aliens', 137, '1986-07-18'),
    (26, 'Avatar: The Way of Water', 192, '2022-12-16'),
    (27, 'Cloud Atlas', 172, '2012-10-26'),
    (28, 'Sense8', 120, '2015-06-05'),
    (29, 'Rango', 107, '2011-03-04'),
    (30, 'Drive', 100, '2011-09-16'),
    (31, 'The Help', 146, '2011-08-10'),
    (32, 'The Favourite', 120, '2018-11-23'),
    (33, 'Swiss Army Man', 97, '2016-06-24'),
    (34, 'Pirates of the Caribbean: On Stranger Tides', 141, '2011-05-20'),
    (35, 'Indiana Jones and the Temple of Doom', 118, '1984-05-23'),
    (36, 'Crouching Tiger, Hidden Dragon', 120, '2000-12-08'),
    (37, 'American Psycho', 102, '2000-04-14'),
    (38, 'Dunkirk', 106, '2017-07-21'),
    (39, 'Interstellar', 169, '2014-11-07');

INSERT INTO Genre (genre_id, genre_name)
VALUES
    (1, 'Sci-Fi'),
    (2, 'Action'),
    (3, 'Adventure'),
    (4, 'Fantasy'),
    (5, 'Romance'),
    (6, 'Drama'),
    (7, 'Musical'),
    (8, 'Comedy'),
    (9, 'Crime'),
    (10, 'Thriller');

INSERT INTO Genre_Movie (movie_id, genre_id)
VALUES
    (1, 1),  
    (2, 2),  
    (2, 1),  
    (3, 3),  
    (3, 4),  
    (4, 5),  
    (4, 6),  
    (5, 7),  
    (5, 6),  
    (6, 3),  
    (6, 8),  
    (6, 6),  
    (7, 2),  
    (7, 9),  
    (7, 6),  
    (8, 2),  
    (8, 1),  
    (8, 10), 
    (9, 2),  
    (9, 1),  
    (10, 2), 
    (10, 3), 
    (11, 2), 
    (11, 3), 
    (11, 4), 
    (12, 2), 
    (12, 1), 
    (13, 2), 
    (13, 9), 
    (14, 2), 
    (14, 10), 
    (15, 6), 
    (15, 9), 
    (16, 6), 
    (16, 5), 
    (17, 5), 
    (17, 6), 
    (18, 2), 
    (18, 3), 
    (18, 4), 
    (19, 2), 
    (19, 3), 
    (19, 4), 
    (20, 2), 
    (20, 3), 
    (20, 4), 
    (21, 2), 
    (21, 6), 
    (21, 1), 
    (22, 6), 
    (22, 2), 
    (23, 5), 
    (23, 6), 
    (24, 6), 
    (24, 5), 
    (25, 2), 
    (25, 1), 
    (26, 1), 
    (26, 3), 
    (26, 4), 
    (27, 3), 
    (27, 6), 
    (27, 1), 
    (28, 3), 
    (28, 6), 
    (29, 8), 
    (29, 3), 
    (30, 2), 
    (30, 9), 
    (31, 6), 
    (31, 5), 
    (32, 6), 
    (32, 9), 
    (33, 6), 
    (33, 8), 
    (34, 3), 
    (34, 2), 
    (35, 2), 
    (35, 3), 
    (36, 1), 
    (36, 4), 
    (37, 9), 
    (37, 6), 
    (38, 2), 
    (38, 10), 
    (39, 1), 
    (39, 2); 

INSERT INTO Crew (person_id, person_first_name, person_last_name, birthdate, job)
VALUES
    (1, 'Sam', 'Worthington', '1978-08-02', 'Actor'),
    (2, 'Zoe', 'Saldana', '1979-06-19', 'Actor'),
    (3, 'Joel-David', 'Moore', '1977-09-25', 'Actor'),
    (4, 'Stephen', 'Lang', '1952-07-11', 'Actor'),
    (5, 'Michelle', 'Rodriguez', '1978-07-12', 'Actor'),
    (6, 'Matt', 'Doran', '1976-03-30', 'Actor'),
    (7, 'Carrie-Anne', 'Moss', '1968-08-21', 'Actor'),
    (8, 'Laurence', 'Fishburne', '1961-07-30', 'Actor'),
    (9, 'Hugo', 'Weaving', '1960-04-04', 'Actor'),
    (10, 'Joe', 'Pantoliano', '1951-09-12', 'Actor'),
    (11, 'Jonathan', 'Pryce', '1947-06-01', 'Actor'),
    (12, 'Penelope', 'Cruz', '1974-04-28', 'Actor'),
    (13, 'Geoffrey', 'Rush', '1951-07-06', 'Actor'),
    (14, 'Keira', 'Knightley', '1985-03-26', 'Actor'),
    (15, 'Jack', 'Davenport', '1968-11-01', 'Actor'),
    (16, 'Leonardo', 'DiCaprio', '1974-11-11', 'Actor'),
    (17, 'Kate', 'Winslet', '1975-10-05', 'Actor'),
    (18, 'Billy', 'Zane', '1966-10-24', 'Actor'),
    (19, 'Danny', 'Nucci', '1968-09-15', 'Actor'),
    (20, 'Jonathan', 'Hyde', '1948-04-21', 'Actor'),
    (21, 'Ryan', 'Gosling', '1980-11-12', 'Actor'),
    (22, 'Emma', 'Stone', '1988-11-06', 'Actor'),
    (23, 'John', 'Leguizamo', '1960-07-22', 'Actor'),
    (24, 'Rosemarie', 'DeWitt', '1971-10-26', 'Actor'),
    (25, 'Finn', 'Wittrock', '1984-10-28', 'Actor'),
    (26, 'Michelle', 'Yeoh', '1962-08-06', 'Actor'),
    (27, 'Ke Huy', 'Quan', '1971-08-20', 'Actor'),
    (28, 'Stephanie', 'Hsu', '1990-11-25', 'Actor'),
    (29, 'Jamie', 'Lee', '1958-02-22', 'Actor'),
    (30, 'James', 'Hong', '1929-02-22', 'Actor'),
    (31, 'Michael', 'Caine', '1933-03-14', 'Actor'),
    (32, 'Heath', 'Ledger', '1979-04-04', 'Actor'),
    (33, 'Aaron', 'Eckhart', '1968-03-12', 'Actor'),
    (34, 'Maggie', 'Gyllenhaal', '1977-11-16', 'Actor'),
    (35, 'Gary', 'Oldman', '1958-03-21', 'Actor'),
    (36, 'Cillian', 'Murphy', '1976-05-25', 'Actor'),
    (37, 'Joseph', 'Gordon-Levitt', '1981-02-17', 'Actor'),
    (38, 'Ellen', 'Page', '1987-02-21', 'Actor'),
    (39, 'Tom', 'Hardy', '1977-09-15', 'Actor'),
    (40, 'Ken', 'Watanabe', '1959-10-21', 'Actor'),
    (41, 'Christian', 'Bale', '1974-01-30', 'Actor'),
    (42, 'Michael', 'Ironside', '1950-02-12', 'Actor'),
    (43, 'Anton', 'Yelchin', '1989-03-11', 'Actor'),
    (44, 'Moon', 'Bloodgood', '1975-09-20', 'Actor'),
    (45, 'Bryce', 'Dallas Howard', '1981-03-02', 'Actor'),
    (46, 'Alexa', 'Davalos', '1982-05-28', 'Actor'),
    (47, 'Liam', 'Neeson', '1952-06-07', 'Actor'),
    (48, 'Ralph', 'Fiennes', '1962-12-22', 'Actor'),
    (49, 'Gemma', 'Arterton', '1986-01-12', 'Actor'),
    (50, 'Mads', 'Mikkelsen', '1965-11-22', 'Actor'),
    (51, 'Chris', 'Pratt', '1979-06-21', 'Actor'),
    (52, 'Karen', 'Gillan', '1987-11-28', 'Actor'),
    (53, 'Dave', 'Bautista', '1969-01-18', 'Actor'),
    (54, 'Vin', 'Diesel', '1967-07-18', 'Actor'),
    (55, 'Bradley', 'Cooper', '1975-01-05', 'Actor'),
    (56, 'Robert', 'Downey Jr.', '1965-04-04', 'Actor'),
    (57, 'Chris', 'Hemsworth', '1983-08-11', 'Actor'),
    (58, 'Mark', 'Ruffalo', '1967-11-22', 'Actor'),
    (59, 'Chris', 'Evans', '1981-06-13', 'Actor'),
    (60, 'Scarlett', 'Johansson', '1984-11-22', 'Actor'),
    (61, 'Keanu', 'Reeves', '1964-09-02', 'Actor'),
    (62, 'Willem', 'Dafoe', '1955-07-22', 'Actor'),
    (63, 'Michael', 'Nyqvist', '1960-11-08', 'Actor'),
    (64, 'Alfie', 'Allen', '1986-09-11', 'Actor'),
    (65, 'Adrienne', 'Palicki', '1983-05-06', 'Actor'),
    (66, 'Jeff', 'Daniels', '1955-02-19', 'Actor'),
    (67, 'Sandra', 'Bullock', '1964-07-26', 'Actor'),
    (68, 'Dennis', 'Hopper', '1936-05-17', 'Actor'),
    (69, 'Jeffrey', 'Pfleuger', '1975-01-29', 'Actor'),
    (70, 'Joe', 'Morton', '1947-10-18', 'Actor'),
    (71, 'Guy', 'Pearce', '1967-10-05', 'Actor'),
    (72, 'Jorja', 'Fox', '1968-07-07', 'Actor'),
    (73, 'Larry', 'Holden', '1961-05-15', 'Actor'),
    (74, 'Mark', 'Boone Junior', '1955-03-17', 'Actor'),
    (75, 'Stephen', 'Tobolowsky', '1951-05-30', 'Actor'),
    (76, 'Juliette', 'Binoche', '1964-05-09', 'Actor'),
    (77, 'Lena', 'Olin', '1955-03-22', 'Actor'),
    (78, 'Alfred', 'Molina', '1953-05-24', 'Actor'),
    (79, 'Judi', 'Dench', '1934-12-09', 'Actor'),
    (80, 'Hugh', 'O Conor', '1976-09-12', 'Actor'),
    (81, 'Kathy', 'Baker', '1950-06-08', 'Actor'),
    (82, 'Winona', 'Ryder', '1971-10-29', 'Actor'),
    (83, 'Dianne', 'Wiest', '1948-03-28', 'Actor'),
    (84, 'Vincent', 'Price', '1911-05-27', 'Actor'),
    (85, 'Alan', 'Arkin', '1934-03-26', 'Actor'),
    (86, 'Mackenzie', 'Crook', '1971-09-29', 'Actor'),
    (87, 'Lee', 'Arenberg', '1962-07-18', 'Actor'),
    (88, 'Naomie', 'Harris', '1976-09-6', 'Actor'),
    (89, 'Bill', 'Nighy', '1949-12-12', 'Actor'),
    (90, 'Stellan', 'Skarsgård', '1951-06-13', 'Actor'),
    (91, 'Ian', 'McKellen', '1939-05-25', 'Actor'),
    (92, 'Elijah', 'Wood', '1981-01-28', 'Actor'),
    (93, 'Viggo', 'Mortensen', '1958-10-20', 'Actor'),
    (94, 'Sean', 'Astin', '1971-02-25', 'Actor'),
    (95, 'Orlando', 'Bloom', '1977-01-13', 'Actor'),
    (96, 'Martin', 'Freeman', '1971-09-08', 'Actor'),
    (97, 'Luke', 'Evans', '1979-04-15', 'Actor'),
    (98, 'Richard', 'Armitage', '1971-08-22', 'Actor'),
    (99, 'Cate', 'Blanchett', '1969-05-14', 'Actor'),
    (100, 'Christopher', 'Lee', '1922-05-27', 'Actor'),
    (101, 'Paul', 'Anderson', '1978-02-12', 'Actor'),
    (102, 'Lukas', 'Haas', '1976-04-16', 'Actor'),
    (103, 'Will', 'Poulter', '1993-01-28', 'Actor'),
    (104, 'Domhnall', 'Gleeson', '1983-05-12', 'Actor'),
    (105, 'Grizzly', 'Bear', '2000-10-02', 'Animal Actor'),
    (106, 'Bruno', 'Ganz', '1941-03-22', 'Actor'),
    (107, 'Jeanette', 'Hain', '1969-02-18', 'Actor'),
    (108, 'David', 'Kross', '1990-07-04', 'Actor'),
    (109, 'Vijessna', 'Ferkic', '1987-04-28', 'Actor'),
    (110, 'Karoline', 'Herfurth', '1984-05-22', 'Actor'),
    (111, 'Kathryn', 'Hahn', '1973-07-23', 'Actor'),
    (112, 'David', 'Harbour', '1975-04-10', 'Actor'),
    (113, 'Michael', 'Shannon', '1974-08-07', 'Actor'),
    (114, 'Kathleen', 'Chalfant', '1945-01-12', 'Actor'),
    (115, 'Zoe', 'Kazans', '1983-09-09', 'Actor'),
    (116, 'Sigourney', 'Weaver', '1949-10-08', 'Actor'),
    (117, 'Bill', 'Paxton', '1955-05-17', 'Actor'),
    (118, 'Lance', 'Henriksen', '1940-05-05', 'Actor'),
    (119, 'Michael', 'Biehn', '1956-07-31', 'Actor'),
    (120, 'Paul', 'Reiser', '1957-03-30', 'Actor'),
    (121, 'Cliff', 'Curtis', '1968-07-27', 'Actor'),
    (122, 'Britain', 'Dalton', '2001-12-12', 'Actor'),
    (123, 'Paul', 'Walker', '1973-09-12', 'Actor'),
    (124, 'Lea', 'Michele', '1986-08-29', 'Actor'),
    (125, 'Javier', 'Bardem', '1969-03-01', 'Actor'),
    (126, 'Tom', 'Hanks', '1956-07-09', 'Actor'),
    (127, 'Halle', 'Berry', '1966-08-14', 'Actor'),
    (128, 'Jim', 'Broadbent', '1949-05-24', 'Actor'),
    (129, 'Susan', 'Sarandon', '1946-10-04', 'Actor'),
    (130, 'Hugh', 'Grant', '1960-09-09', 'Actor'),
    (131, 'Tina', 'Desai', '1987-04-24', 'Actor'),
    (132, 'Doona', 'Bae', '1979-10-11', 'Actor'),
    (133, 'Jamie', 'Clayton', '1978-01-15', 'Actor'),
    (134, 'Brian', 'J. Smith', '1979-10-15', 'Actor'),
    (135, 'Miguel', 'Angel', '1984-07-01', 'Actor'),
    (136, 'Johnny', 'Depp', '1963-06-09', 'Actor'),
    (137, 'Isla', 'Fisher', '1976-02-03', 'Actor'),
    (138, 'Abigail', 'Breslin', '1996-04-14', 'Actor'),
    (139, 'Gore', 'Verbinski', '1964-03-16', 'Actor'),
    (140, 'Ray', 'Winstone', '1957-02-19', 'Actor'),
    (141, 'Oscar', 'Isaac', '1979-03-09', 'Actor'),
    (142, 'Carey', 'Mulligan', '1985-05-28', 'Actor'),
    (143, 'Bryan', 'Cranston', '1956-03-08', 'Actor'),
    (144, 'Albert', 'Brooks', '1947-07-22', 'Actor'),
    (145, 'Christina', 'Hendricks', '1975-05-03', 'Actor'),
    (146, 'Viola', 'Davis', '1965-08-11', 'Actor'),
    (147, 'Octavia', 'Spencer', '1972-05-25', 'Actor'),
    (148, 'Mike', 'Vogel', '1979-07-17', 'Actor'),
    (149, 'Allison', 'Janney', '1959-11-19', 'Actor'),
    (150, 'Jessica', 'Chastain', '1977-03-24', 'Actor'),
    (151, 'Olivia', 'Colman', '1974-01-30', 'Actor'),
    (152, 'Joe', 'Alwyn', '1991-02-21', 'Actor'),
    (153, 'Rachel', 'Weisz', '1970-03-07', 'Actor'),
    (154, 'Nicholas', 'Hoult', '1989-12-07', 'Actor'),
    (155, 'Mark', 'Gatiss', '1966-10-17', 'Actor'),
    (156, 'Paul', 'Dano', '1984-06-19', 'Actor'),
    (157, 'Daniel', 'Radcliffe', '1989-07-23', 'Actor'),
    (158, 'Mary-Elizabeth', 'Winstead', '1984-11-28', 'Actor'),
    (159, 'Bobby', 'Lee', '1971-09-17', 'Actor'),
    (160, 'Megan', 'Mulally', '1968-11-30', 'Actor'),
    (161, 'James', 'Cameron', '1954-08-16', 'Director'), 
    (162, 'Theodore', 'Wachowski', '1969-12-29', 'Director'), 
    (163, 'Damien', 'Chazelle', '1985-01-19', 'Director'), 
    (164, 'McG', 'N/A', '1968-08-09', 'Director'), 
    (165, 'Louis', 'Leterrier', '1965-06-17', 'Director'), 
    (166, 'James', 'Gunn', '1966-08-05', 'Director'), 
    (167, 'Anthony', 'Russo', '1970-02-03', 'Director'), 
    (168, 'Chad', 'Stahelski', '1968-09-20', 'Director'), 
    (169, 'Jan', 'De Bont', '1943-10-22', 'Director'), 
    (170, 'Lasse', 'Hallström', '1946-06-02', 'Director'), 
    (171, 'Tim', 'Burton', '1958-08-25', 'Director'), 
    (172, 'Peter', 'Jackson', '1961-10-31', 'Director'), 
    (173, 'Alejandro', 'González Iñárritu', '1963-04-15', 'Director'), 
    (174, 'Stephen', 'Daldry', '1957-05-02', 'Director'), 
    (175, 'Sam', 'Mendes', '1965-08-01', 'Director'), 
    (176, 'Tom', 'Tykwer', '1965-05-23', 'Director'), 
    (177, 'J. Michael', 'Straczynski', '1954-07-04', 'Director'), 
    (178, 'Gore', 'Verbinski', '1964-03-16', 'Director'), 
    (179, 'Nicolas', 'Winding Refn', '1970-09-29', 'Director'), 
    (180, 'Tate', 'Taylor', '1969-09-03', 'Director'), 
    (181, 'Yorgos', 'Lanthimos', '1973-05-27', 'Director'), 
    (182, 'Dan', 'Kwan', '1980-09-12', 'Director'), 
    (183, 'Daniel', 'Scheinert', '1981-12-07', 'Director'), 
    (184, 'Steven', 'Spielberg', '1946-12-18', 'Director'), 
    (185, 'Ang', 'Lee', '1954-10-23', 'Director'), 
    (186, 'Mary', 'Harron', '1959-01-18', 'Director'), 
    (187, 'Christopher', 'Nolan', '1970-07-30', 'Director'); 

INSERT INTO Crew_movie (person_id, movie_id)
VALUES
    (1, 1), (1, 26),
    (2, 1), (2, 26),
    (3, 1),
    (4, 1),
    (5, 1),
    (6, 2),
    (7, 2),
    (8, 2),
    (9, 2),
    (10, 2),
    (11, 3), (11, 18),
    (12, 3), (12, 34),
    (13, 3), (13, 18), (13, 34),
    (14, 3), (14, 18),
    (15, 3),
    (16, 4), (16, 8), (16, 22),
    (17, 4), (17, 23), (17, 24), (17, 26),
    (18, 4),
    (19, 4),
    (20, 4),
    (21, 5), (21, 6),
    (22, 5), (22, 31), (22, 32),
    (23, 5), (23, 13),
    (24, 5),
    (25, 5),
    (26, 6), (26, 26),
    (27, 6),
    (28, 6),
    (29, 6),
    (30, 6),
    (31, 7),
    (32, 7),
    (33, 7),
    (34, 7),
    (35, 7),
    (36, 8), (36, 7),
    (37, 8), (37, 21),
    (38, 8),
    (39, 8), (39, 7), (39, 21),
    (40, 8),
    (41, 9), (41, 7), (41, 37),
    (42, 9),
    (43, 9),
    (44, 9),
    (45, 9),
    (46, 10),
    (47, 10),
    (48, 10),
    (49, 10),
    (50, 10),
    (51, 11),
    (52, 11),
    (53, 11),
    (54, 11),
    (55, 11),
    (56, 12),
    (57, 12),
    (58, 12),
    (59, 12), (59, 21),
    (60, 12),
    (61, 13), (61, 2), (61, 14),
    (62, 13),
    (63, 13),
    (64, 13),
    (65, 13),
    (66, 14),
    (67, 14), (67, 38),
    (68, 14),
    (69, 14),
    (70, 14),
    (71, 15),
    (72, 15),
    (73, 15),
    (74, 15),
    (75, 15),
    (76, 16),
    (77, 16),
    (78, 16),
    (79, 16),
    (80, 16),
    (81, 17),
    (82, 17),
    (83, 17),
    (84, 17),
    (85, 17),
    (86, 18), (86, 21),
    (87, 18),
    (88, 18),
    (89, 18),
    (90, 18),
    (91, 19), (91, 34),
    (92, 19),
    (93, 19),
    (94, 19),
    (95, 19), (95, 20), (95, 18), (95, 3), (95, 34),
    (96, 20),
    (97, 20),
    (98, 20),
    (99, 20),
    (100, 20),
    (105, 22),
    (106, 23),
    (107, 23),
    (108, 23),
    (109, 23),
    (110, 23),
    (111, 24),
    (112, 24),
    (113, 24),
    (114, 24),
    (115, 24),
    (116, 25),
    (117, 25),
    (118, 25),
    (119, 25),
    (120, 25),
    (121, 26),
    (122, 26),
    (123, 26),
    (124, 26),
    (125, 26),
    (126, 27),
    (127, 27),
    (128, 27),
    (129, 27),
    (130, 27),
    (131, 28),
    (132, 28),
    (133, 28),
    (134, 28),
    (135, 28),
    (136, 29), (136, 3), (136, 17), (136, 18), (136, 16), (136, 34),
    (137, 29),
    (138, 29),
    (139, 29),
    (140, 29),
    (141, 30),
    (142, 30),
    (143, 30),
    (144, 30),
    (145, 30),
    (146, 31),
    (147, 31),
    (148, 31),
    (149, 31),
    (150, 31),
    (151, 32),
    (152, 32),
    (153, 32),
    (154, 32),
    (155, 32),
    (156, 33),
    (157, 33),
    (158, 33),
    (159, 33),
    (160, 33),
    (161, 1), 
    (162, 2), 
    (178, 3),
    (161, 4),    
    (163, 5), 
    (182, 6), 
    (183, 6), 
    (187, 7),
    (187, 8),
    (164, 9), 
    (165, 10), 
    (166, 11), 
    (167, 12), 
    (168, 13), 
    (169, 14), 
    (187, 15),
    (170, 16), 
    (171, 17), 
    (178, 18),
    (172, 19), 
    (172, 20),
    (187, 21),
    (173, 22), 
    (174, 23), 
    (175, 24), 
    (161, 25), 
    (161, 26), 
    (176, 27), 
    (177, 28), 
    (178, 29), 
    (179, 30), 
    (180, 31), 
    (181, 32), 
    (182, 33), 
    (184, 35), 
    (185, 36), 
    (186, 37), 
    (187, 38), 
    (187, 39); 

   INSERT INTO Prize (prize_id, movie_id, person_id, category, prize_year)
VALUES
    (1, 1, NULL, 'Best Cinematography', 2010), 
    (2, 1, NULL, 'Best Production Design', 2010), 
    (3, 1, NULL, 'Best Visual Effects', 2010), 
    (4, 2, NULL, 'Best Film Editing', 2000), 
    (5, 2, NULL, 'Best Sound Effects Editing', 2000), 
    (6, 2, NULL, 'Best Visual Effects', 2000), 
    (7, 2, NULL, 'Best Sound Mixing', 2000), 
    (9, 4, 161, 'Best Director', 1998), 
    (10, 4, NULL, 'Best Picture', 1998), 
    (11, 4, NULL, 'Best Film Edinting', 1998), 
    (12, 4, NULL, 'Best Original Score', 1998), 
    (13, 4, NULL, 'Best Production Design', 1998), 
    (14, 4, NULL, 'Best Cinematography', 1998), 
    (15, 4, NULL, 'Best Costume Design', 1998), 
    (16, 4, NULL, 'Best Visual Effects', 1998), 
    (17, 4, NULL, 'Best Sound Mixing', 1998), 
    (18, 4, NULL, 'Best Sound Esiting', 1998), 
    (19, 5, 163, 'Best Director', 2017), 
    (20, 5, NULL, 'Best Original Score', 2017),
    (21, 5, 22, 'Best Actress', 2017), 
    (22, 5, NULL, 'Best Cinematography', 2017), 
    (23, 5, NULL, 'Best Production Design', 2017), 
    (24, 6, 183, 'Best Director', 2023), 
    (25, 6, NULL, 'Best Original Screenplay', 2023), 
    (26, 6, NULL, 'Best Film Editing', 2023), 
    (27, 6, 29, 'Best Supporing Actress', 2023), 
    (28, 6, 182, 'Best Director', 2023), 
    (29, 6, 26, 'Best Actress', 2023), 
    (30, 6, 27, 'Best Supporting Actor', 2023), 
    (31, 6, NULL, 'Best Picture', 2023), 
    (32, 7, 32, 'Best Supporting Actor', 2009), 
    (33, 7, NULL, 'Best Sound Editing', 2009), 
    (34, 8, NULL, 'Best Cinematography', 2011), 
    (35, 8, NULL, 'Best Sound Editing', 2011), 
    (36, 8, NULL, 'Best Sound Mixing', 2011), 
    (37, 8, NULL, 'Best Visual Effects', 2011), 
    (38, 14, NULL, 'Best Sound Editing', 1995), 
    (39, 14, NULL, 'Best Sound Mixing', 1995), 
    (40, 19, NULL, 'Best Cinematography', 2002), 
    (41, 19, NULL, 'Best Original Score', 2002), 
    (42, 19, NULL, 'Best Visual Effects', 2002), 
    (43, 19, NULL, 'Best Makeup and Hairstyling', 2002), 
    (44, 22, 173, 'Best Director', 2016), 
    (45, 22, 16, 'Best Actor', 2016), 
    (46, 22, NULL, 'Best Cinematography', 2016), 
    (47, 23, 17, 'Best Actress', 2009), 
    (48, 25, NULL, 'Best Visual Effects', 1987), 
    (49, 25, NULL, 'Best Sound Editing', 1987), 
    (50, 26, NULL, 'Best Visual Effects', 2023), 
    (51, 30, 179, 'Best Director', 2011), 
    (52, 31, 147, 'Best Supporting Actress', 2012), 
    (53, 32, 151, 'Best Actress', 2019), 
    (54, 36, NULL, 'Best International Feature Film', 2001), 
    (55, 36, NULL, 'Best Original Score', 2001), 
    (56, 36, NULL, 'Best Production Design', 2001), 
    (57, 36, NULL, 'Best Cinematography', 2001), 
    (58, 38, NULL, 'Best Sound Mixing', 2018), 
    (59, 38, NULL, 'Best Film Editing', 2018), 
    (60, 38, NULL, 'Best Sound Editing', 2018), 
    (61, 39, NULL, 'Best Visual Effects', 2015); 

INSERT INTO [User] (user_id, username, email, city)
VALUES
    (1, 'moviebuff123', 'moviebuff123@gmail.com', 'New York'),
    (2, 'cinemalover', 'cinemalover@gmail.com', 'Los Angeles'),
	(3, 'filmfan99', 'filmfan99@gmail.com', 'San Francisco'),
    (4, 'cinephile01', 'cinephile01@gmail.com', 'Chicago'),
    (5, 'movielover42', 'movielover42@gmail.com', 'London'),
    (6, 'classiccinema', 'classiccinema@gmail.com', 'Paris'),
	 (7, 'yta6nwys', 'yta6nwys@yahoo.com', 'New York'),
    (8, '0v1bjlg9', '0v1bjlg9@outlook.com', 'Chicago'),
    (9, 'js36w68i', 'js36w68i@gmail.com', 'Berlin'),
    (10, 'njfsx0db', 'njfsx0db@gmail.com', 'New York'),
    (11, 'v9nfnw8p', 'v9nfnw8p@outlook.com', 'San Francisco'),
    (12, 'l7nnu8lm', 'l7nnu8lm@gmail.com', 'London'),
    (13, '5c87u7zw', '5c87u7zw@hotmail.com', 'Berlin'),
    (14, 'le88xvei', 'le88xvei@yahoo.com', 'London'),
    (15, 'cp60wcuw', 'cp60wcuw@hotmail.com', 'Los Angeles'),
    (16, 'mnmc035q', 'mnmc035q@hotmail.com', 'Paris'),
    (17, 'nd3qmex3', 'nd3qmex3@gmail.com', 'Chicago'),
    (18, 'u7xjzq1a', 'u7xjzq1a@hotmail.com', 'Paris'),
    (19, 'qpev8ii5', 'qpev8ii5@hotmail.com', 'Sydney'),
    (20, 'qyxu56lb', 'qyxu56lb@yahoo.com', 'Los Angeles'),
    (21, '09byvmfd', '09byvmfd@gmail.com', 'San Francisco'),
    (22, 'tw82h78a', 'tw82h78a@hotmail.com', 'San Francisco'),
    (23, 't7cu3520', 't7cu3520@hotmail.com', 'Berlin'),
    (24, 'fhfntknk', 'fhfntknk@hotmail.com', 'Paris'),
    (25, 'uny2ry95', 'uny2ry95@hotmail.com', 'San Francisco'),
    (26, 'bae53wsb', 'bae53wsb@outlook.com', 'New York'),
    (27, 'gffuzdd5', 'gffuzdd5@gmail.com', 'Los Angeles'),
    (28, '9tyf0iu3', '9tyf0iu3@yahoo.com', 'Sydney'),
    (29, 'cn4gdjkd', 'cn4gdjkd@yahoo.com', 'Sydney'),
    (30, '1pd5jx1s', '1pd5jx1s@gmail.com', 'Paris'),
    (31, '2e6ziim6', '2e6ziim6@gmail.com', 'Tokyo'),
    (32, '3rair92k', '3rair92k@yahoo.com', 'New York'),
    (33, 'jksj1wfc', 'jksj1wfc@gmail.com', 'San Francisco'),
    (34, 'dlgrwjg1', 'dlgrwjg1@hotmail.com', 'Sydney'),
    (35, '4zmxbi2o', '4zmxbi2o@hotmail.com', 'Sydney'),
    (36, 'avu7yft8', 'avu7yft8@hotmail.com', 'Toronto'),
    (37, 'spuvphw0', 'spuvphw0@gmail.com', 'San Francisco'),
    (38, 'p9mocejq', 'p9mocejq@outlook.com', 'Paris'),
    (39, '5u15jyl2', '5u15jyl2@outlook.com', 'London'),
    (40, '66dmgzy2', '66dmgzy2@gmail.com', 'Tokyo'),
    (41, 'yyd2q8e9', 'yyd2q8e9@outlook.com', 'Toronto'),
    (42, 'o23zr59r', 'o23zr59r@gmail.com', 'Paris'),
    (43, 'lb8arzcq', 'lb8arzcq@yahoo.com', 'Toronto'),
    (44, '4hyrn0ez', '4hyrn0ez@hotmail.com', 'Sydney'),
    (45, '73r3gyjn', '73r3gyjn@yahoo.com', 'Los Angeles'),
    (46, '8ucocats', '8ucocats@yahoo.com', 'London'),
    (47, 'x1rbkoaj', 'x1rbkoaj@hotmail.com', 'Toronto'),
    (48, 'kg353csc', 'kg353csc@outlook.com', 'New York'),
    (49, 'maqtvloi', 'maqtvloi@outlook.com', 'London'),
    (50, 'fy6rchhq', 'fy6rchhq@yahoo.com', 'Sydney'),
    (51, 'jbo9dnx1', 'jbo9dnx1@gmail.com', 'Toronto'),
    (52, '7mrggd4s', '7mrggd4s@yahoo.com', 'Toronto'),
    (53, 'hb1ylrvp', 'hb1ylrvp@hotmail.com', 'Sydney'),
    (54, 'xjydj1da', 'xjydj1da@gmail.com', 'Berlin'),
    (55, 'g3a6vvfv', 'g3a6vvfv@gmail.com', 'San Francisco'),
    (56, '3cg5kwx5', '3cg5kwx5@gmail.com', 'San Francisco'),
    (57, 'zqsqa4ux', 'zqsqa4ux@gmail.com', 'Los Angeles'),
    (58, '91rq7e2v', '91rq7e2v@gmail.com', 'Tokyo'),
    (59, 'ujp1jel6', 'ujp1jel6@outlook.com', 'New York'),
    (60, 'twaxhzim', 'twaxhzim@hotmail.com', 'Toronto'),
    (61, 'dc47c46y', 'dc47c46y@yahoo.com', 'Paris'),
    (62, 'zelib5u8', 'zelib5u8@hotmail.com', 'Paris'),
    (63, '9mdk9jzy', '9mdk9jzy@yahoo.com', 'Berlin'),
    (64, 'rxhuk7dq', 'rxhuk7dq@outlook.com', 'Paris'),
    (65, 'nhizspqu', 'nhizspqu@outlook.com', 'Toronto'),
    (66, '3l2eexsw', '3l2eexsw@hotmail.com', 'Toronto'),
    (67, 'bvrjs9fp', 'bvrjs9fp@yahoo.com', 'Chicago'),
    (68, 'zxqhhne3', 'zxqhhne3@gmail.com', 'Paris'),
    (69, '9dqkpfze', '9dqkpfze@hotmail.com', 'New York'),
    (70, 'crpkpvww', 'crpkpvww@hotmail.com', 'Los Angeles'),
    (71, '0ux3gu1f', '0ux3gu1f@hotmail.com', 'Berlin'),
    (72, '0gxgbjvs', '0gxgbjvs@gmail.com', 'Los Angeles'),
    (73, 'o5f7fb8m', 'o5f7fb8m@gmail.com', 'Los Angeles'),
    (74, '0t5vdtlf', '0t5vdtlf@gmail.com', 'Tokyo'),
    (75, '8rybmca8', '8rybmca8@yahoo.com', 'Los Angeles'),
    (76, 'p3na0msv', 'p3na0msv@yahoo.com', 'Los Angeles'),
    (77, 'ile2by83', 'ile2by83@yahoo.com', 'Berlin'),
    (78, '2an5yyez', '2an5yyez@gmail.com', 'Paris'),
    (79, 'p4bsmbwk', 'p4bsmbwk@hotmail.com', 'San Francisco'),
    (80, 'jtpb069z', 'jtpb069z@outlook.com', 'Paris'),
    (81, 'qw2b4kc2', 'qw2b4kc2@hotmail.com', 'London'),
    (82, 'sqn8n0ro', 'sqn8n0ro@gmail.com', 'Tokyo'),
    (83, 'dd1ym07y', 'dd1ym07y@hotmail.com', 'Tokyo'),
    (84, 'lcg22zna', 'lcg22zna@outlook.com', 'Tokyo'),
    (85, 'm7f5lcc8', 'm7f5lcc8@yahoo.com', 'San Francisco'),
    (86, '7ja5fxdz', '7ja5fxdz@hotmail.com', 'San Francisco'),
    (87, 'd89gb4mu', 'd89gb4mu@hotmail.com', 'Tokyo'),
    (88, 'ot8cos88', 'ot8cos88@outlook.com', 'Sydney'),
    (89, 'lnpiixxw', 'lnpiixxw@yahoo.com', 'New York'),
    (90, 'eycnt8v8', 'eycnt8v8@yahoo.com', 'London'),
    (91, 'kno131wo', 'kno131wo@hotmail.com', 'New York'),
    (92, '7iwh4kh6', '7iwh4kh6@hotmail.com', 'Paris'),
    (93, '7myonzig', '7myonzig@outlook.com', 'San Francisco'),
    (94, 'igfgk9d7', 'igfgk9d7@hotmail.com', 'Los Angeles'),
    (95, 'sychhtbq', 'sychhtbq@outlook.com', 'Berlin'),
    (96, 'xgt58y3r', 'xgt58y3r@outlook.com', 'Chicago'),
    (97, 'rja6i8on', 'rja6i8on@outlook.com', 'Berlin'),
    (98, 'ewr9mn86', 'ewr9mn86@hotmail.com', 'Paris'),
    (99, '7r55or1k', '7r55or1k@gmail.com', 'New York'),
    (100, '2o658hgs', '2o658hgs@hotmail.com', 'Chicago'),
    (101, 'h5zapaeb', 'h5zapaeb@yahoo.com', 'New York'),
    (102, 'chnt9iha', 'chnt9iha@yahoo.com', 'Toronto'),
    (103, '6dftcfln', '6dftcfln@gmail.com', 'Toronto'),
    (104, 'dq7a5tfp', 'dq7a5tfp@yahoo.com', 'London'),
    (105, 'whgq1q8k', 'whgq1q8k@hotmail.com', 'Paris'),
    (106, 'iazelc17', 'iazelc17@yahoo.com', 'Toronto');

INSERT INTO Review (review_id, user_id, movie_id, rating, comment)
VALUES
    (1, 1, 1, 9, 'A true visual spectacle, unforgettable effects!'),
    (2, 1, 7, 10, 'Heath Ledger gave the performance of a lifetime!'),
    (3, 1, 19, 8, 'The magic of Middle-earth brought to life brilliantly!'),
    (4, 2, 4, 10, 'Emotional and timeless, an absolute masterpiece.'),
    (5, 2, 6, 9, 'Brilliantly directed, with touching performances.'),
    (6, 2, 25, 8, 'A thrilling sequel that keeps you on the edge of your seat!'),
    (7, 3, 5, 9, 'Ryan Gosling and Emma Stone shine in this musical gem.'),
    (8, 3, 3, 7, 'A swashbuckling adventure filled with fun and action.'),
    (9, 3, 22, 9, 'DiCaprio delivers a hauntingly powerful performance.'),
    (10, 4, 2, 8, 'Innovative and exciting, The Matrix is a game-changer.'),
    (11, 4, 12, 9, 'Marvel at its best, Infinity War is packed with thrills.'),
    (12, 4, 16, 7, 'Charming and emotional, but the pacing was a bit slow.'),
    (13, 5, 8, 10, 'Christopher Nolan at his peak, Inception is a classic.'),
    (14, 5, 29, 9, 'A delightful animated adventure with heart and humor.'),
    (15, 5, 38, 10, 'Dunkirk is a powerful and immersive experience.'),
    (16, 6, 1, 10, 'James Cameron delivers an unforgettable journey with Avatar.'),
    (17, 6, 5, 8, 'The music and visuals captivate, but the ending is bittersweet.'),
    (18, 6, 34, 9, 'A wildly creative and emotional rollercoaster.'),
    (19, 7, 18, 7, 'Entertaining, but not as good as the first Pirates movie.'),
    (20, 7, 31, 8, 'A moving story with standout performances.'),
    (21, 7, 36, 9, 'A breathtaking tale with stunning visuals.'),
    (22, 8, 4, 10, 'The timeless emotion of Titanic still resonates today.'),
    (23, 8, 27, 6, 'Ambitious but felt over-complicated at times.'),
    (24, 8, 39, 10, 'Interstellar is visually stunning and deeply emotional.'),
    (25, 9, 3, 9, 'Johnny Depp steals the show in this epic adventure.'),
    (26, 9, 6, 8, 'Michelle Yeoh delivers a masterclass performance.'),
    (27, 9, 13, 9, 'John Wick is a pure adrenaline rush, action-packed fun.'),
    (28, 10, 35, 8, 'Classic Indiana Jones fun with amazing set pieces.'),
    (29, 10, 22, 9, 'Leo and Tom Hardy shine in this gripping survival story.'),
    (30, 10, 17, 9, 'Tim Burton creates a visually stunning fairy tale.'),
    (31, 11, 8, 10, 'Inception is a masterpiece of storytelling and imagination.'),
    (32, 11, 32, 9, 'Olivia Colman is spectacular in The Favourite.'),
    (33, 11, 18, 8, 'Spectacular visuals but slightly lacks the original magic.'),
    (34, 12, 19, 10, 'The Fellowship of the Ring is a fantasy classic.'),
    (35, 12, 26, 8, 'A stunning sequel with groundbreaking visuals.'),
    (36, 12, 14, 7, 'Exciting but not very memorable overall.'),
    (37, 13, 2, 9, 'Revolutionary, The Matrix remains iconic.'),
    (38, 13, 11, 9, 'Guardians of the Galaxy is pure fun and excitement.'),
    (39, 13, 9, 7, 'A decent entry, but lacks the magic of its predecessors.'),
    (40, 14, 28, 7, 'Unique and ambitious, but not for everyone.'),
    (41, 14, 23, 9, 'The Reader is hauntingly beautiful and well-acted.'),
    (42, 14, 20, 8, 'A solid entry, but not the best Hobbit film.'),
    (43, 15, 34, 10, 'Everything Everywhere is truly a masterpiece.'),
    (44, 15, 7, 9, 'The Dark Knight is a phenomenal cinematic achievement.'),
    (45, 15, 29, 9, 'Rango is fun for all ages with stunning animation.'),
    (46, 16, 9, 10, 'An incredible visual journey, a must-watch.'),
    (47, 16, 18, 7, 'Pirates of the Caribbean is fun, but not as great as the first one.'),
    (48, 16, 33, 9, 'A great comedy with a unique storyline.'),
    (49, 17, 8, 9, 'Inception is a thrilling mind-bender, beautifully directed.'),
    (50, 17, 6, 8, 'Emotional, but a bit too complicated at times.'),
    (51, 17, 19, 10, 'The Lord of the Rings is pure fantasy perfection.'),
    (52, 18, 2, 9, 'The Matrix is a game-changer in cinematic storytelling.'),
    (53, 18, 27, 8, 'A visually stunning but slightly confusing story.'),
    (54, 18, 39, 9, 'Interstellar has great visual effects, but the story was a bit dense.'),
    (55, 19, 3, 7, 'Pirates of the Caribbean is entertaining but predictable.'),
    (56, 19, 5, 9, 'La La Land is a beautiful movie with fantastic performances.'),
    (57, 19, 24, 8, 'Revolutionary Road is a beautiful drama but quite heavy.'),
    (58, 20, 4, 9, 'Titanic is a classic that never loses its emotional depth.'),
    (59, 20, 32, 10, 'The Favourite is a dark and hilarious period drama.'),
    (60, 20, 30, 8, 'Drive has a fantastic performance by Gosling and a great soundtrack.'),
    (61, 21, 19, 9, 'The Lord of the Rings offers some of the most amazing world-building ever seen.'),
    (62, 21, 35, 9, 'Indiana Jones is still a classic adventure.'),
    (63, 21, 33, 8, 'Swiss Army Man is quirky, but very heartwarming in its own way.'),
    (64, 22, 8, 9, 'Inception is an amazing thriller with great direction by Nolan.'),
    (65, 22, 12, 7, 'Guardians of the Galaxy is fun, but a little overhyped.'),
    (66, 22, 28, 8, 'Sense8 is a captivating and visually striking show.'),
    (67, 23, 1, 9, 'Avatar is a visually stunning and immersive experience.'),
    (68, 23, 16, 10, 'Chocolat is a delightful and heartwarming film.'),
    (69, 23, 18, 7, 'Pirates of the Caribbean: Dead Man s Chest is decent but not as magical as the first.'),
    (70, 24, 7, 10, 'The Dark Knight is iconic and a perfect superhero film.'),
    (71, 24, 20, 8, 'The Hobbit: The Desolation of Smaug is a solid fantasy film.'),
    (72, 24, 27, 9, 'Cloud Atlas is visually stunning and thought-provoking.'),
    (73, 25, 15, 9, 'La La Land is a magical musical that stays with you long after it ends.'),
    (74, 25, 36, 8, 'Crouching Tiger, Hidden Dragon is beautifully choreographed, though slow at times.'),
    (75, 25, 34, 9, 'Everything Everywhere All at Once is an inventive masterpiece.'),
    (76, 26, 5, 8, 'La La Land is charming, but its ending is bittersweet.'),
    (77, 26, 9, 9, 'The Dark Knight is one of the best superhero films of all time.'),
    (78, 26, 3, 10, 'Pirates of the Caribbean is a fantastic adventure that stands the test of time.'),
    (79, 27, 30, 9, 'Drive is sleek, stylish, and has a mesmerizing performance by Gosling.'),
    (80, 27, 34, 9, 'Swiss Army Man is quirky and surprisingly emotional.'),
    (81, 27, 19, 9, 'The Lord of the Rings offers an epic journey from start to finish.'),
    (82, 28, 1, 10, 'Avatar is the perfect blend of amazing visuals and a compelling story.'),
    (83, 28, 10, 8, 'Clash of the Titans is a fun fantasy movie but lacks character depth.'),
    (84, 28, 18, 9, 'Pirates of the Caribbean: Dead Man s Chest has some truly amazing action scenes.'),
    (85, 29, 4, 10, 'Titanic is an all-time classic, emotional and timeless.'),
    (86, 29, 7, 9, 'The Dark Knight is a masterpiece in the superhero genre.'),
    (87, 29, 33, 7, 'Swiss Army Man is weird, but surprisingly heartwarming.'),
    (88, 30, 2, 9, 'The Matrix is a groundbreaking film that changed the genre.'),
    (89, 30, 5, 8, 'La La Land is beautiful, but the ending was bittersweet.'),
    (90, 30, 6, 9, 'Everything Everywhere All at Once is a stunning and emotional rollercoaster.'),
    (91, 31, 32, 8, 'The Favourite is a unique and brilliant film with great performances.'),
    (92, 31, 27, 9, 'Ke Huy Quan is fantastic in Everything Everywhere All at Once!'),
    (93, 31, 15, 10, 'La La Land is one of the best musicals ever made!'),
    (94, 32, 12, 9, 'Guardians of the Galaxy is a fun, heartwarming action film.'),
    (95, 32, 9, 10, 'The Dark Knight is a perfect superhero movie, with a phenomenal performance by Heath Ledger.'),
    (96, 32, 28, 8, 'Sense8 is a visually stunning but complex show that requires patience.'),
    (97, 33, 9, 8, 'The Dark Knight is an incredible superhero film, but it gets a bit too dark at times.'),
    (98, 33, 4, 9, 'Titanic remains an emotional rollercoaster after all these years.'),
    (99, 33, 1, 9, 'Avatar is a truly immersive cinematic experience.'),
    (100, 34, 11, 8, 'Guardians of the Galaxy is fun, but I expected more from the story.'),
    (101, 34, 6, 7, 'The film had great performances, but I felt it was missing a stronger narrative.'),
    (102, 34, 39, 9, 'Interstellar is one of the best sci-fi films of this decade.'),
    (103, 35, 19, 9, 'The Lord of the Rings is a cinematic masterpiece that feels timeless.'),
    (104, 35, 33, 10, 'Swiss Army Man is a bizarre, yet deeply emotional film. I loved it!'),
    (105, 35, 25, 8, 'Aliens is a great action film, though the horror elements were a bit much for me.'),
    (106, 36, 6, 10, 'Everything Everywhere All at Once is hands down one of the best films of the year.'),
    (107, 36, 5, 9, 'La La Land is a musical that stands out for its beautiful direction and incredible performances.'),
    (108, 36, 7, 9, 'The Dark Knight is a gripping experience with unforgettable performances.'),
    (109, 37, 29, 9, 'Rango is a fun animated film with a unique style and fantastic voice acting.'),
    (110, 37, 4, 9, 'Titanic is a classic that still brings out strong emotions every time I watch it.'),
    (111, 37, 13, 8, 'John Wick is a great action movie, but it lacks a deeper emotional connection.'),
    (112, 38, 10, 9, 'Clash of the Titans is a fun, visually impressive movie with a solid story.'),
    (113, 38, 3, 9, 'Pirates of the Caribbean is full of adventure, but the first remains the best.'),
    (114, 38, 17, 9, 'Edward Scissorhands is a beautiful and haunting movie with a fantastic performance by Johnny Depp.'),
    (115, 39, 17, 9, 'Edward Scissorhands is one of Tim Burton s finest works, with a touching story and great visuals.'),
    (116, 39, 5, 8, 'La La Land is an incredible movie, but its ending left me feeling conflicted.'),
    (117, 39, 9, 10, 'The Dark Knight is a dark, brilliant film that revolutionized superhero movies.'),
    (118, 40, 7, 9, 'The Dark Knight is a perfect example of how a superhero film can be both thrilling and deep.'),
    (119, 40, 2, 10, 'The Matrix is one of the most groundbreaking films ever made.'),
    (120, 40, 27, 8, 'Cloud Atlas is visually striking, though it may be too complex for some viewers.'),
    (121, 41, 16, 10, 'Chocolat is an uplifting film with amazing performances and a great message.'),
    (122, 41, 9, 9, 'The Dark Knight is an iconic film that defines modern superhero movies.'),
    (123, 41, 4, 9, 'Titanic is a beautifully tragic love story that still resonates today.'),
    (124, 42, 27, 9, 'Cloud Atlas is a masterpiece that mixes genres and ideas to create a truly original film.'),
    (125, 42, 10, 8, 'Clash of the Titans is a fun action film, but the special effects didn t age well.'),
    (126, 42, 12, 10, 'Guardians of the Galaxy is a fun, action-packed movie with a lot of heart.'),
    (127, 43, 1, 10, 'Avatar is visually stunning and a groundbreaking film in terms of CGI.'),
    (128, 43, 25, 9, 'Aliens is a strong sequel with amazing action and thrilling suspense.'),
    (129, 43, 16, 9, 'Chocolat is a beautiful, feel-good film with wonderful performances.'),
    (130, 44, 6, 9, 'Everything Everywhere All at Once is a film like no other – inventive and emotional.'),
    (131, 44, 2, 9, 'The Matrix is an action-packed movie that is still relevant today.'),
    (132, 44, 7, 8, 'The Dark Knight is a brilliant film, though its dark tone may not be for everyone.'),
    (133, 45, 39, 9, 'Interstellar is a visually stunning film with a thought-provoking story.'),
    (134, 45, 18, 9, 'Pirates of the Caribbean is a fun, swashbuckling adventure that started a great franchise.'),
    (135, 45, 25, 8, 'Aliens is a solid action movie, but not as captivating as its predecessor.'),
    (136, 46, 19, 9, 'The Lord of the Rings is an epic journey that every movie lover should experience.'),
    (137, 46, 8, 9, 'Inception is a mind-bending thriller with stunning visuals and a gripping story.'),
    (138, 46, 1, 8, 'Avatar is a visually impressive film but lacks the emotional depth I expected.'),
    (139, 47, 17, 10, 'Edward Scissorhands is one of Tim Burton s finest creations, a beautiful and haunting film.'),
    (140, 47, 29, 9, 'Rango is an enjoyable animated film with an interesting take on western tropes.'),
    (141, 47, 33, 9, 'Swiss Army Man is an incredibly unique film that defies expectations.'),
    (142, 48, 39, 9, 'Interstellar is a deep, thought-provoking movie with incredible visuals.'),
    (143, 48, 24, 8, 'Revolutionary Road is a powerful drama, but a bit too heavy for my taste.'),
    (144, 48, 10, 7, 'Clash of the Titans is a fun fantasy film but lacking in depth.'),
    (145, 49, 1, 9, 'Avatar is a revolutionary film in terms of visual effects and world-building.'),
    (146, 49, 33, 8, 'Swiss Army Man is a strange film, but has a surprisingly emotional depth.'),
    (147, 49, 3, 10, 'Pirates of the Caribbean is an adventurous and fun ride with fantastic performances.'),
    (148, 50, 39, 8, 'Interstellar is an ambitious sci-fi film that doesn t quite reach its potential.'),
    (149, 50, 5, 10, 'La La Land is a masterpiece that beautifully captures the magic of musicals.'),
    (150, 50, 32, 9, 'The Favourite is a dark, funny, and incredibly well-acted film.'),
    (151, 51, 7, 9, 'The Dark Knight is an intense and thrilling superhero film with great performances.'),
    (152, 51, 16, 8, 'Chocolat is a beautifully made film, but the pacing felt a bit slow.'),
    (153, 51, 5, 10, 'La La Land is a perfect musical with memorable songs and outstanding performances.'),
    (154, 52, 19, 9, 'The Lord of the Rings is an epic masterpiece that every movie lover should see.'),
    (155, 52, 39, 9, 'Interstellar is an amazing cinematic experience with stunning visuals and a gripping story.'),
    (156, 52, 14, 8, 'Speed is a thrilling action film, but it s a bit over the top in certain moments.'),
    (157, 53, 33, 10, 'Swiss Army Man is a bizarre but deeply moving film that made me laugh and cry.'),
    (158, 53, 1, 8, 'Avatar is visually stunning but lacks the emotional depth I was hoping for.'),
    (159, 53, 18, 9, 'Pirates of the Caribbean is a fun, action-packed movie that sets the bar for adventure films.'),
    (160, 54, 6, 9, 'Everything Everywhere All at Once is an unforgettable journey through time and space.'),
    (161, 54, 24, 8, 'Revolutionary Road is a haunting portrayal of life and love, but can be a bit heavy to watch.'),
    (162, 54, 10, 8, 'Clash of the Titans is an entertaining fantasy film, but lacks the depth I was hoping for.'),
    (163, 55, 35, 9, 'Indiana Jones and the Temple of Doom is a thrilling adventure with great action sequences.'),
    (164, 55, 29, 9, 'Rango is a fun animated film with a unique twist on the western genre.'),
    (165, 55, 5, 10, 'La La Land is a magical movie experience, with incredible music and performances.'),
    (166, 56, 8, 9, 'Inception is a mind-bending thriller that kept me at the edge of my seat the whole time.'),
    (167, 56, 4, 9, 'Titanic is a timeless classic, with great performances and a truly heartbreaking story.'),
    (168, 56, 6, 8, 'Everything Everywhere All at Once is a visually stunning film, but the story can be confusing at times.'),
    (169, 57, 12, 9, 'Avengers: Infinity War is an epic action movie that brings together so many great heroes.'),
    (170, 57, 1, 8, 'Avatar is a stunning visual achievement, but the story is a bit predictable.'),
    (171, 57, 17, 9, 'Edward Scissorhands is an emotionally resonant and beautifully crafted film.'),
    (172, 58, 19, 9, 'The Lord of the Rings: The Fellowship of the Ring is an iconic film that set the bar for fantasy films.'),
    (173, 58, 35, 9, 'Indiana Jones and the Temple of Doom is a thrilling adventure movie with great characters and action.'),
    (174, 58, 4, 10, 'Titanic is a beautiful love story that will make you laugh and cry in equal measure.'),
    (175, 59, 9, 9, 'The Dark Knight is a gripping and emotional superhero film with an unforgettable villain.'),
    (176, 59, 29, 9, 'Rango is an incredibly fun animated film that I highly recommend.'),
    (177, 59, 8, 10, 'Inception is an absolute masterpiece that left me thinking long after the movie ended.'),
    (178, 60, 7, 9, 'The Dark Knight is an intense and thrilling ride from start to finish.'),
    (179, 60, 11, 8, 'Guardians of the Galaxy is a fun and quirky superhero film, but it s not as deep as some others.'),
    (180, 60, 1, 9, 'Avatar is a visually stunning movie that truly transports you into another world.'),
    (181, 61, 16, 9, 'Chocolat is a beautiful film with a heartfelt story and amazing performances.'),
    (182, 61, 10, 8, 'Clash of the Titans is a fun, action-packed adventure, but lacks emotional depth.'),
    (183, 61, 29, 9, 'Rango is a highly enjoyable animated film with great characters and an interesting story.'),
    (184, 62, 8, 9, 'Inception is a mind-bending film that keeps you hooked from beginning to end.'),
    (185, 62, 5, 9, 'La La Land is a perfect blend of music, romance, and beautiful visuals.'),
    (186, 62, 2, 10, 'The Matrix is a groundbreaking film that changed the way we think about cinema.'),
    (187, 63, 18, 8, 'Pirates of the Caribbean is a fun adventure movie, but it s a bit long at times.'),
    (188, 63, 17, 10, 'Edward Scissorhands is an emotional and visually stunning film that I can watch over and over again.'),
    (189, 63, 9, 9, 'The Dark Knight is one of the best superhero movies ever made, thanks to its dark tone and incredible performances.'),
    (190, 64, 24, 9, 'Revolutionary Road is a powerful drama with fantastic performances, though a bit hard to watch at times.'),
    (191, 64, 32, 9, 'The Revenant is a visually stunning movie with an incredible performance by Leonardo DiCaprio.'),
    (192, 64, 5, 8, 'La La Land is a beautiful film, though the ending left me feeling a bit sad.'),
    (193, 65, 17, 10, 'Edward Scissorhands is a stunning film that showcases Tim Burton s unique style and creativity.'),
    (194, 65, 7, 9, 'The Dark Knight is a thrilling, edge-of-your-seat movie with a brilliant performance from Heath Ledger.'),
    (195, 65, 15, 9, 'Memento is a great psychological thriller with a truly twisted plot.'),
    (196, 66, 16, 8, 'Chocolat is a heartwarming and lovely film, but a bit too slow for my taste.'),
    (197, 66, 18, 9, 'Pirates of the Caribbean is a fun film with memorable characters and action.'),
    (198, 66, 3, 9, 'Pirates of the Caribbean: The Curse of the Black Pearl is an incredibly fun adventure movie.'),
    (199, 67, 2, 9, 'The Matrix is a thought-provoking and groundbreaking film that explores deep philosophical themes.'),
    (200, 67, 5, 10, 'La La Land is a beautifully crafted film that will leave you feeling both happy and sad.'),
    (201, 67, 8, 9, 'Inception is a complex and mind-bending film with incredible visuals and direction.'),
    (202, 68, 39, 8, 'Interstellar is a beautifully shot film, but I felt the pacing could have been tighter.'),
    (203, 68, 4, 9, 'Titanic is an epic and tragic love story that still resonates today.'),
    (204, 68, 2, 8, 'The Matrix is a groundbreaking film, but some of the concepts were a bit too abstract for me.'),
    (205, 69, 19, 9, 'The Lord of the Rings: The Fellowship of the Ring is a masterpiece of fantasy cinema.'),
    (206, 69, 39, 10, 'Interstellar is one of the most thought-provoking and visually stunning films I ve ever seen.'),
    (207, 69, 8, 9, 'Inception is a mind-bending thriller that kept me on the edge of my seat.'),
    (208, 70, 5, 8, 'La La Land is visually captivating but the ending felt bittersweet.'),
    (209, 70, 1, 9, 'Avatar is visually stunning, but the plot is fairly predictable. Still, an enjoyable experience.'),
    (210, 70, 33, 8, 'Swiss Army Man is a strange yet emotional journey that surprised me.'),
    (211, 71, 4, 9, 'Titanic is a classic film that never gets old. The emotion and performances are unmatched.'),
    (212, 71, 3, 9, 'Pirates of the Caribbean: The Curse of the Black Pearl is a fun, adventurous ride with amazing characters.'),
    (213, 71, 16, 9, 'Chocolat is a heartwarming story with beautiful performances from the cast.'),
    (214, 72, 2, 10, 'The Matrix is one of the best sci-fi films of all time, with great philosophical depth.'),
    (215, 72, 18, 8, 'Pirates of the Caribbean: Dead Man s Chest is an enjoyable sequel, but not as fresh as the first.'),
    (216, 72, 9, 9, 'The Dark Knight is a gripping and intense superhero film with incredible acting.'),
    (217, 73, 3, 10, 'Pirates of the Caribbean: The Curse of the Black Pearl is an unforgettable adventure film.'),
    (218, 73, 5, 9, 'La La Land is a beautiful love letter to Los Angeles, with unforgettable music and dancing.'),
    (219, 73, 7, 8, 'The Dark Knight is a great film, but it was a little too dark for my taste at times.'),
    (220, 74, 5, 10, 'La La Land is a magical film that has an unforgettable charm and a beautiful score.'),
    (221, 74, 10, 8, 'Clash of the Titans is a fun fantasy adventure film, but it lacks emotional depth.'),
    (222, 74, 12, 9, 'Avengers: Infinity War is a big, action-packed film that does justice to its massive cast of characters.'),
    (223, 75, 6, 9, 'Everything Everywhere All at Once is a wildly imaginative and emotional film.'),
    (224, 75, 7, 9, 'The Dark Knight is an action-packed superhero film with amazing performances.'),
    (225, 75, 33, 8, 'Swiss Army Man is a bizarre, unique film that I didn t expect to enjoy but ended up loving.'),
    (226, 76, 9, 10, 'The Dark Knight is an excellent film that features a performance from Heath Ledger that s iconic.'),
    (227, 76, 1, 9, 'Avatar is a visually stunning film, though the plot could have been stronger.'),
    (228, 76, 18, 8, 'Pirates of the Caribbean: Dead Man s Chest is a solid sequel, but not as thrilling as the first.'),
    (229, 77, 12, 9, 'Avengers: Infinity War is one of the most ambitious crossover films, delivering great action and emotion.'),
    (230, 77, 19, 9, 'The Lord of the Rings: The Fellowship of the Ring is a perfect start to an epic trilogy.'),
    (231, 77, 33, 8, 'Swiss Army Man is an unconventional film that delivers some surprisingly emotional moments.'),
    (232, 78, 4, 9, 'Titanic is a classic film that never gets old. It s emotional, tragic, and beautifully made.'),
    (233, 78, 2, 10, 'The Matrix is an incredibly groundbreaking film that changed the sci-fi genre.'),
    (234, 78, 9, 8, 'The Dark Knight is an intense, emotional film with a brilliant performance by Heath Ledger.'),
    (235, 79, 5, 8, 'La La Land is a beautifully shot film with great music, but the ending was a bit unexpected.'),
    (236, 79, 1, 9, 'Avatar is a cinematic marvel with breathtaking visuals and a strong environmental message.'),
    (237, 79, 3, 10, 'Pirates of the Caribbean: The Curse of the Black Pearl is a great adventure film with amazing characters.'),
    (238, 80, 16, 9, 'Chocolat is a heartwarming movie with a great cast, but it s a bit slow at times.'),
    (239, 80, 11, 9, 'Guardians of the Galaxy is a hilarious, action-packed space adventure.'),
    (240, 80, 39, 8, 'Interstellar is a visually stunning film, but it took me a while to understand the story.'),
    (241, 81, 13, 10, 'Geoffrey Rush gave an incredible performance in Pirates of the Caribbean: The Curse of the Black Pearl.'),
    (242, 81, 20, 9, 'Jonathan Hyde s role in Titanic was truly moving and emotional.'),
    (243, 81, 8, 9, 'Inception is a mind-bending thriller with an incredible cast and fantastic direction.'),
    (244, 82, 12, 9, 'Avengers: Infinity War brings together a huge cast and is one of the best superhero films to date.'),
    (245, 82, 16, 9, 'Chocolat is a charming and sweet film with a fantastic performance by Juliette Binoche.'),
    (246, 82, 19, 8, 'The Lord of the Rings: The Fellowship of the Ring is a strong start to an epic trilogy, but it s a bit long.'),
    (247, 83, 5, 9, 'La La Land is a delightful musical with amazing performances by Ryan Gosling and Emma Stone.'),
    (248, 83, 39, 8, 'Interstellar is a visually captivating film, but it s a bit too complex at times.'),
    (249, 83, 17, 9, 'Edward Scissorhands is an emotional and visually stunning film with a standout performance from Johnny Depp.'),
    (250, 84, 2, 10, 'The Matrix is an incredibly thought-provoking film with action that is ahead of its time.'),
    (251, 84, 14, 8, 'Keira Knightley shines in Pirates of the Caribbean: The Curse of the Black Pearl.'),
    (252, 84, 10, 9, 'Clash of the Titans is a fun adventure, though it didn t quite live up to its potential.'),
    (253, 85, 4, 9, 'Titanic is a perfect mix of romance and drama, with incredible performances by Leonardo DiCaprio and Kate Winslet.'),
    (254, 85, 19, 10, 'The Lord of the Rings: The Fellowship of the Ring is an epic masterpiece that set the bar for fantasy films.'),
    (255, 85, 11, 8, 'Guardians of the Galaxy is a fun film with good humor, but lacks the depth of other superhero movies.'),
    (256, 86, 6, 9, 'Everything Everywhere All at Once is a fascinating and creative film that explores important themes.'),
    (257, 86, 3, 9, 'Pirates of the Caribbean: The Curse of the Black Pearl is an adventure that never gets old.'),
    (258, 86, 39, 8, 'Interstellar is a beautiful film, though I struggled to fully grasp the concept at times.'),
    (259, 87, 7, 9, 'The Dark Knight is a brilliant film with a dark and compelling performance by Heath Ledger.'),
    (260, 87, 3, 8, 'Pirates of the Caribbean: The Curse of the Black Pearl is a fun adventure, but it s a bit cheesy at times.'),
    (261, 87, 16, 10, 'Chocolat is a warm and heartfelt film that truly brings a smile to your face.'),
    (262, 88, 2, 10, 'The Matrix is one of the most iconic films ever made. Brilliant story, visuals, and action sequences.'),
    (263, 88, 18, 9, 'Pirates of the Caribbean: Dead Man s Chest is an action-packed adventure that keeps you entertained.'),
    (264, 88, 39, 9, 'Interstellar is visually stunning and makes you think about the universe in a new way.'),
    (265, 89, 4, 10, 'Titanic is an emotional journey that stays with you long after the credits roll.'),
    (266, 89, 12, 9, 'Avengers: Infinity War is an impressive feat of storytelling, with an epic showdown of heroes and villains.'),
    (267, 89, 19, 8, 'The Lord of the Rings: The Fellowship of the Ring sets the stage for a truly epic trilogy.'),
    (268, 90, 8, 9, 'Inception is a visually captivating film that blends mind-bending concepts with incredible action.'),
    (269, 90, 14, 8, 'Clash of the Titans is a decent film, but it feels a bit shallow and doesn t quite capture the magic of the original.'),
    (270, 90, 1, 10, 'Avatar is an absolute spectacle with breathtaking visuals and a heartfelt story.'),
    (271, 91, 19, 9, 'The Lord of the Rings: The Fellowship of the Ring is a fantastic start to an epic trilogy.'),
    (272, 91, 7, 9, 'The Dark Knight is a masterclass in filmmaking with a legendary performance from Heath Ledger.'),
    (273, 91, 16, 8, 'Chocolat is a charming, heartwarming movie, but it s a bit slow in places.'),
    (274, 92, 16, 10, 'Chocolat is a beautiful, uplifting film with fantastic performances and a delightful story.'),
    (275, 92, 2, 9, 'The Matrix is a groundbreaking sci-fi film with excellent direction and a thought-provoking story.'),
    (276, 92, 13, 9, 'Geoffrey Rush was amazing in Pirates of the Caribbean: The Curse of the Black Pearl.'),
    (277, 93, 4, 9, 'Titanic is a deeply emotional film with outstanding performances from its lead actors.'),
    (278, 93, 3, 10, 'Pirates of the Caribbean: The Curse of the Black Pearl is a timeless adventure film with amazing characters.'),
    (279, 93, 16, 8, 'Chocolat is a sweet and charming film with lovely performances, but it s a bit slow for my taste.'),
    (280, 94, 18, 9, 'Pirates of the Caribbean: Dead Man s Chest is a thrilling sequel that builds on the fun of the first film.'),
    (281, 94, 7, 9, 'The Dark Knight is a gripping and intense superhero film with exceptional acting.'),
    (282, 94, 9, 8, 'Terminator Salvation is a solid action movie with a good storyline but lacks the depth of the previous films.'),
    (283, 95, 1, 10, 'Avatar is a visually stunning experience with a captivating storyline and incredible world-building.'),
    (284, 95, 2, 9, 'The Matrix is a classic that continues to influence sci-fi films today.'),
    (285, 95, 19, 9, 'The Lord of the Rings: The Fellowship of the Ring is an epic adventure that s perfectly executed.'),
    (286, 96, 14, 9, 'Clash of the Titans is a fun and exciting fantasy adventure, though it lacks the emotional depth I hoped for.'),
    (287, 96, 17, 8, 'Edward Scissorhands is a quirky and heartwarming film with Tim Burton s signature style.'),
    (288, 96, 19, 10, 'The Lord of the Rings: The Fellowship of the Ring is a stunning and breathtaking fantasy film.'),
    (289, 97, 8, 9, 'Inception is a fascinating thriller with complex layers and fantastic visuals.'),
    (290, 97, 2, 9, 'The Matrix is an intelligent and groundbreaking film that s still relevant today.'),
    (291, 97, 18, 8, 'Pirates of the Caribbean: Dead Man s Chest is a fun sequel, though it s not quite as fresh as the original.'),
    (292, 98, 6, 9, 'Everything Everywhere All at Once is an emotional and innovative film that pushes the boundaries of storytelling.'),
    (293, 98, 19, 9, 'The Lord of the Rings: The Fellowship of the Ring is a cinematic masterpiece with an amazing cast and story.'),
    (294, 98, 12, 8, 'Avengers: Infinity War is an exciting action movie, but it lacks emotional depth in some parts.'),
    (295, 99, 7, 9, 'The Dark Knight is a masterpiece of the superhero genre, with amazing performances from the entire cast.'),
    (296, 99, 16, 8, 'Chocolat is a charming film with great performances, but it s a bit slow for my taste.'),
    (297, 99, 10, 8, 'Clash of the Titans is an entertaining fantasy adventure, though it doesn t have the heart of the original.'),
    (298, 100, 19, 9, 'The Lord of the Rings: The Fellowship of the Ring is an epic film that is still one of the best fantasy movies of all time.'),
    (299, 100, 12, 9, 'Avengers: Infinity War brings together many superheroes in an action-packed, thrilling film.'),
    (300, 100, 39, 8, 'Interstellar is a thought-provoking film with impressive visuals, though the plot was a bit hard to follow.'),
    (301, 101, 1, 10, 'Avatar is a groundbreaking movie with exceptional world-building and a moving story.'),
    (302, 101, 18, 9, 'Pirates of the Caribbean: Dead Man s Chest is a thrilling sequel with great action and adventure.'),
    (303, 101, 9, 8, 'Terminator Salvation is a decent movie, but it doesn t live up to the legacy of the original Terminator films.'),
    (304, 102, 12, 9, 'Avengers: Infinity War is a gripping superhero film with high stakes and an emotional impact.'),
    (305, 102, 7, 10, 'The Dark Knight is a masterpiece of superhero cinema, with one of the best performances ever by Heath Ledger.'),
    (306, 102, 8, 9, 'Inception is an intense and mind-bending thriller that keeps you on the edge of your seat.'),
    (307, 103, 18, 9, 'Pirates of the Caribbean: Dead Man s Chest is a fun, action-packed adventure, though not quite as fresh as the first.'),
    (308, 103, 19, 8, 'The Lord of the Rings: The Fellowship of the Ring is a fantastic beginning to an epic trilogy, but it s a bit slow at times.'),
    (309, 103, 5, 10, 'La La Land is a beautiful and captivating movie with amazing performances and incredible music.'),
	(310, 104, 6, 10, 'Everything Everywhere All at Once is a visually stunning and emotionally moving film with incredible performances.'),
    (311, 104, 14, 8, 'Clash of the Titans is an entertaining adventure, though the plot is a bit predictable.'),
    (312, 104, 39, 9, 'Interstellar is a thought-provoking and visually striking movie with a complex plot.'),
    (313, 105, 2, 10, 'The Matrix is a mind-blowing and influential film that changed the sci-fi genre forever.'),
    (314, 105, 8, 9, 'Inception is an amazing movie that plays with your mind, but it could have been a bit more cohesive.'),
    (315, 105, 11, 9, 'Guardians of the Galaxy is an incredibly fun and refreshing take on the superhero genre.'),
    (316, 106, 5, 9, 'La La Land is a beautiful musical with wonderful performances and unforgettable music.'),
    (317, 106, 3, 8, 'Pirates of the Caribbean: The Curse of the Black Pearl is a fun film, but it doesn t hold up as well on rewatch.'),
    (318, 106, 20, 8, 'The Hobbit: The Desolation of Smaug is a decent film, but it s a bit stretched out for a single story.');


INSERT INTO Event (event_id, movie_id, event_date, locatie, nr_participants, descriere)
VALUES

    (1, 1, '2024-07-01', 'Hollywood', 300, 'Special screening of Avatar.'),
    (2, 1, '2025-08-15', 'New York', 50, 'Avatar screening with friends'),
    (3, 2, '2024-09-05', 'Broadway Theater', 200, 'Titanic anniversary screening.'),
    (4, 2, '2025-05-12', 'Sydney', 25, 'Titanic anniversary screening with friends'),
    (5, 3, '2024-08-10', 'San Francisco Cinemas', 250, 'La La Land screening with live music performance.'),
    (6, 3, '2025-04-20', 'San Francisco', 30, 'La La Land screening with friends'),
    (7, 4, '2024-07-15', 'Chicago Movie Theater', 180, 'Special screening of Everything Everywhere All at Once with Q&A.'),
    (8, 4, '2025-06-18', 'Toronto', 20, 'Everything Everywhere All at Once screening with friends'),
    (9, 5, '2024-09-10', 'London Cinema', 150, 'Inception Midnight screening and discussion.'),
    (10, 5, '2025-07-10', 'Paris', 30, 'Inception Midnight screening with friends'),
    (11, 6, '2024-11-01', 'Paris Cinema', 200, 'The Dark Knight screening with a special guest appearance from a Joker impersonator.'),
    (12, 6, '2025-09-05', 'Chicago', 25, 'The Dark Knight screening with friends'),
    (13, 7, '2024-07-20', 'Los Angeles', 100, 'Pirates of the Caribbean: The Curse of the Black Pearl screening with a special guest appearance from Johnny Depp.'),
    (14, 7, '2025-05-25', 'New York', 15, 'Pirates of the Caribbean screening with friends'),
    (15, 8, '2024-09-15', 'New York', 150, 'The Matrix screening with a special guest appearance from Keanu Reeves.'),
    (16, 8, '2025-04-30', 'San Francisco', 35, 'The Matrix screening with a special guest appearance from Keanu Reeves'),
    (17, 9, '2024-10-01', 'Berlin', 200, 'Avatar screening with a special guest appearance from James Cameron.'),
    (18, 9, '2025-06-21', 'London', 50, 'Avatar commentary with friends'),
    (19, 10, '2024-07-25', 'Sydney', 150, 'Titanic screening with a special guest appearance from Kate Winslet.'),
    (20, 10, '2025-06-22', 'Los Angeles', 30, 'Titanic screening with friends'),
    (21, 11, '2024-08-05', 'Tokyo', 15, 'Small back alley screening of La La Land.'),
    (22, 11, '2025-06-15', 'San Francisco', 10, 'La La Land casual viewing and discussion'),
    (23, 12, '2024-09-20', 'Toronto', 50, 'Everything Everywhere All at Once screening with a special guest appearance from Michelle Yeoh.'),
    (24, 12, '2025-07-25', 'Chicago', 15, 'Everything Everywhere screening with friends'),
    (25, 13, '2025-03-10', 'Toronto', 20, 'Movie for new friends'),
    (26, 13, '2025-04-20', 'Los Angeles', 35, 'Movie night with friends'),
    (27, 14, '2025-05-30', 'New York', 40, 'Avatar screening with friends'),
    (28, 14, '2025-08-30', 'Chicago', 25, 'Titanic anniversary screening with friends'),
    (29, 15, '2025-06-05', 'San Francisco', 30, 'La La Land screening with friends'),
    (30, 15, '2025-06-12', 'Chicago', 20, 'Everything Everywhere All at Once screening with friends'),
    (31, 16, '2025-07-10', 'Paris', 25, 'The Dark Knight screening with friends'),
    (32, 16, '2025-08-01', 'London', 40, 'Inception Midnight screening with friends'),
    (33, 17, '2025-08-10', 'Paris', 10, 'Movie commentary_small gathering'),
    (34, 17, '2025-09-15', 'Tokyo', 15, 'Movie commentary_rewatch'),
    (35, 18, '2025-10-15', 'New York', 20, 'Movie commentary_film analysis'),
    (36, 18, '2025-11-01', 'Los Angeles', 25, 'Movie commentary_director insights'),
    (37, 19, '2025-12-05', 'Berlin', 30, 'Movie commentary_cast insights'),
    (38, 19, '2026-01-10', 'Sydney', 35, 'Movie commentary_behind the scenes'),
    (39, 20, '2026-02-15', 'Chicago', 40, 'Movie commentary_special effects'),
    (40, 20, '2026-03-20', 'Paris', 45, 'Movie commentary_soundtrack analysis'),
    (41, 21, '2024-07-10', 'Los Angeles', 250, 'Pirates of the Caribbean: Dead Man s Chest screening with special effects showcase.'),
    (42, 21, '2025-06-18', 'San Francisco', 35, 'Pirates of the Caribbean: Dead Man s Chest screening with special guest appearance from Johnny Depp.'),
    (43, 22, '2024-08-01', 'Chicago', 180, 'The Lord of the Rings: The Two Towers screening with cast discussion.'),
    (44, 22, '2025-06-25', 'London', 40, 'The Lord of the Rings: The Two Towers screening with friends.'),
    (45, 23, '2024-07-18', 'Paris', 150, 'The Hobbit: The Desolation of Smaug screening with behind-the-scenes look.'),
    (46, 23, '2025-07-22', 'New York', 30, 'The Hobbit: The Desolation of Smaug screening with friends.'),
    (47, 24, '2024-06-25', 'Toronto', 200, 'The Revenant screening with a special guest appearance from Leonardo DiCaprio.'),
    (48, 24, '2025-08-02', 'Los Angeles', 50, 'The Revenant screening with friends.'),
    (49, 25, '2024-07-05', 'Berlin', 100, 'The Reader screening with cast discussion.'),
    (50, 25, '2025-08-10', 'Chicago', 25, 'The Reader screening with friends.'),
    (51, 26, '2024-06-15', 'Tokyo', 250, 'Revolutionary Road screening with live commentary.'),
    (52, 26, '2025-07-25', 'San Francisco', 40, 'Revolutionary Road screening with cast commentary.'),
    (53, 27, '2024-09-01', 'London', 120, 'Aliens screening with special guest appearance from Sigourney Weaver.'),
    (54, 27, '2025-06-15', 'Los Angeles', 45, 'Aliens screening with friends.'),
    (55, 28, '2024-10-10', 'Paris', 100, 'Avatar: The Way of Water screening with behind-the-scenes special effects.'),
    (56, 28, '2025-07-19', 'Toronto', 35, 'Avatar: The Way of Water screening with friends.'),
    (57, 29, '2024-07-12', 'Berlin', 200, 'Cloud Atlas screening with cast and crew discussion.'),
    (58, 29, '2025-06-30', 'Los Angeles', 50, 'Cloud Atlas screening with a special guest appearance from Tom Hanks.'),
    (59, 30, '2024-08-15', 'New York', 150, 'Sense8 screening with cast and crew Q&A.'),
    (60, 30, '2025-07-23', 'Chicago', 35, 'Sense8 screening with friends.'),
    (61, 31, '2024-07-12', 'Sydney', 250, 'Rango screening with live commentary from the director.'),
    (62, 31, '2025-08-12', 'Los Angeles', 35, 'Rango screening with special guest appearance from Johnny Depp.'),
    (63, 31, '2026-01-15', 'Chicago', 40, 'Rango screening with a behind-the-scenes documentary on animation.'),
    (64, 32, '2024-08-20', 'Paris', 180, 'Drive screening with Q&A featuring Ryan Gosling and Nicolas Winding Refn.'),
    (65, 32, '2025-09-01', 'New York', 45, 'Drive screening with friends and discussion of cinematography.'),
    (66, 32, '2026-02-10', 'London', 25, 'Drive special screening with a guest talk on film noir influences.'),
    (67, 33, '2024-07-20', 'Los Angeles', 200, 'The Help screening with a special guest appearance from Viola Davis.'),
    (68, 33, '2025-08-25', 'San Francisco', 50, 'The Help screening with friends and discussion on civil rights history.'),
    (69, 33, '2026-03-02', 'Chicago', 30, 'The Help movie night with cast insights and behind-the-scenes stories.'),
    (70, 34, '2024-09-12', 'New York', 250, 'The Favourite screening with Olivia Colman and director discussion.'),
    (71, 34, '2025-09-18', 'Paris', 60, 'The Favourite screening with friends and a deep dive into costume design.'),
    (72, 34, '2026-04-10', 'Los Angeles', 40, 'The Favourite screening followed by a Q&A on the historical accuracy of the film.'),
    (73, 35, '2024-09-30', 'Tokyo', 150, 'Swiss Army Man screening with a special guest appearance from Daniel Radcliffe.'),
    (74, 35, '2025-10-12', 'London', 40, 'Swiss Army Man screening with live commentary and analysis.'),
    (75, 35, '2026-05-05', 'San Francisco', 30, 'Swiss Army Man screening followed by a discussion of its unconventional storytelling.'),
    (76, 36, '2024-10-22', 'Berlin', 200, 'Indiana Jones and the Temple of Doom screening with a behind-the-scenes look.'),
    (77, 36, '2025-11-03', 'Chicago', 50, 'Indiana Jones and the Temple of Doom screening with special guest appearance from Harrison Ford.'),
    (78, 36, '2026-06-15', 'Toronto', 45, 'Indiana Jones and the Temple of Doom screening with friends and action sequence analysis.'),
    (79, 37, '2024-11-01', 'Paris', 250, 'Crouching Tiger, Hidden Dragon screening with a special guest appearance from Ang Lee.'),
    (80, 37, '2025-12-01', 'London', 60, 'Crouching Tiger, Hidden Dragon screening with a focus on choreography and fight scenes.'),
    (81, 37, '2026-07-04', 'Los Angeles', 30, 'Crouching Tiger, Hidden Dragon screening followed by a deep dive into the film’s cultural influences.'),
    (82, 38, '2024-11-14', 'Tokyo', 250, 'American Psycho screening with Christian Bale discussing his role as Patrick Bateman.'),
    (83, 38, '2025-12-07', 'Chicago', 50, 'American Psycho screening with a post-movie discussion about the psychology behind the character.'),
    (84, 38, '2026-08-02', 'San Francisco', 40, 'American Psycho screening followed by an in-depth analysis of its controversial themes.'),
    (85, 39, '2024-11-20', 'Berlin', 250, 'Dunkirk screening with Christopher Nolan and cast discussing the war film’s production.'),
    (86, 39, '2025-12-12', 'New York', 75, 'Dunkirk screening followed by a Q&A about war films and realism in cinema.'),
    (87, 39, '2026-09-09', 'Paris', 50, 'Dunkirk special screening with discussions about sound design and visual effects.');

INSERT INTO Event_participant (event_id, user_id, tip) VALUES

    (1, 1, 'host'),
    (1, 2, 'participant'),
    (1, 3, 'participant'),

    (2, 4, 'host'),
    (2, 5, 'participant'),
    (2, 6, 'participant'),

    (3, 7, 'host'),
    (3, 8, 'participant'),
    (3, 9, 'participant'),

    (4, 10, 'host'),
    (4, 11, 'participant'),
    (4, 12, 'participant'),

    (5, 13, 'host'),
    (5, 14, 'participant'),
    (5, 15, 'participant'),

    (6, 16, 'host'),
    (6, 17, 'participant'),
    (6, 18, 'participant'),

    (7, 19, 'host'),
    (7, 20, 'participant'),
    (7, 21, 'participant'),

    (8, 22, 'host'),
    (8, 23, 'participant'),
    (8, 24, 'participant'),

    (9, 25, 'host'),
    (9, 26, 'participant'),
    (9, 27, 'participant'),

    (10, 28, 'host'),
    (10, 29, 'participant'),
    (10, 30, 'participant'),

    (11, 31, 'host'),
    (11, 32, 'participant'),
    (11, 33, 'participant'),

    (12, 34, 'host'),
    (12, 35, 'participant'),
    (12, 36, 'participant'),

    (13, 37, 'host'),
    (13, 38, 'participant'),
    (13, 39, 'participant'),

    (14, 40, 'host'),
    (14, 41, 'participant'),
    (14, 42, 'participant'),

    (15, 43, 'host'),
    (15, 44, 'participant'),
    (15, 45, 'participant'),

    (16, 46, 'host'),
    (16, 47, 'participant'),
    (16, 48, 'participant'),

    (17, 49, 'host'),
    (17, 50, 'participant'),
    (17, 51, 'participant'),

    (18, 52, 'host'),
    (18, 53, 'participant'),
    (18, 54, 'participant'),

    (19, 55, 'host'),
    (19, 56, 'participant'),
    (19, 57, 'participant'),

    (20, 58, 'host'),
    (20, 59, 'participant'),
    (20, 60, 'participant'),

    (21, 61, 'host'),
    (21, 62, 'participant'),
    (21, 63, 'participant'),

    (22, 64, 'host'),
    (22, 65, 'participant'),
    (22, 66, 'participant'),

    (23, 67, 'host'),
    (23, 68, 'participant'),
    (23, 69, 'participant'),

    (24, 81, 'host'),
    (24, 11, 'participant'),
    (24, 47, 'participant'),
    (24, 75, 'participant'),
    (24, 82, 'participant'),
    (24, 34, 'participant'),
    (24, 24, 'participant'),
    (24, 31, 'participant'),
    (24, 87, 'participant'),
    (24, 98, 'participant'),
    (24, 38, 'participant'),
    (24, 100, 'participant'),
    (24, 63, 'participant'),
    (24, 16, 'participant'),

    (25, 96, 'host'),
    (25, 81, 'participant'),
    (25, 3, 'participant'),
    (25, 1, 'participant'),
    (25, 17, 'participant'),
    (25, 23, 'participant'),
    (25, 67, 'participant'),
    (25, 36, 'participant'),
    (25, 30, 'participant'),
    (25, 104, 'participant'),
    (25, 101, 'participant'),
    (25, 60, 'participant'),
    (25, 97, 'participant'),
    (25, 103, 'participant'),
    (25, 21, 'participant'),
    (25, 61, 'participant'),
    (25, 80, 'participant'),
    (25, 18, 'participant'),
    (25, 76, 'participant'),
    (25, 27, 'participant'),

    (26, 76, 'host'),
    (26, 77, 'participant'),
    (26, 78, 'participant'),

    (27, 79, 'host'),
    (27, 80, 'participant'),
    (27, 81, 'participant'),

    (28, 82, 'host'),
    (28, 83, 'participant'),
    (28, 84, 'participant'),

    (29, 85, 'host'),
    (29, 86, 'participant'),
    (29, 87, 'participant'),

    (30, 88, 'host'),
    (30, 89, 'participant'),
    (30, 90, 'participant'),

    (31, 91, 'host'),
    (31, 92, 'participant'),
    (31, 93, 'participant'),

    (32, 94, 'host'),
    (32, 95, 'participant'),
    (32, 96, 'participant'),

    (33, 13, 'host'),
    (33, 76, 'participant'),
    (33, 56, 'participant'),
    (33, 1, 'participant'),
    (33, 86, 'participant'),
    (33, 96, 'participant'),
    (33, 55, 'participant'),
    (33, 66, 'participant'),
    (33, 90, 'participant'),
    (33, 64, 'participant'),

    (34, 22, 'host'),
    (34, 86, 'participant'),
    (34, 46, 'participant'),
    (34, 37, 'participant'),
    (34, 52, 'participant'),
    (34, 80, 'participant'),
    (34, 34, 'participant'),
    (34, 18, 'participant'),
    (34, 13, 'participant'),
    (34, 65, 'participant'),
    (34, 20, 'participant'),
    (34, 2, 'participant'),
    (34, 103, 'participant'),
    (34, 60, 'participant'),
    (34, 3, 'participant'),

    (35, 103, 'host'),
    (35, 104, 'participant'),
    (35, 105, 'participant'),

    (36, 106, 'host'),
    (36, 1, 'participant'),
    (36, 2, 'participant'),

    (37, 3, 'host'),
    (37, 4, 'participant'),
    (37, 5, 'participant'),

    (38, 6, 'host'),
    (38, 7, 'participant'),
    (38, 8, 'participant'),

    (39, 9, 'host'),
    (39, 10, 'participant'),
    (39, 11, 'participant'),

    (40, 12, 'host'),
    (40, 13, 'participant'),
    (40, 14, 'participant'),

    (41, 15, 'host'),
    (41, 16, 'participant'),
    (41, 17, 'participant'),

    (42, 18, 'host'),
    (42, 19, 'participant'),
    (42, 20, 'participant'),

    (43, 21, 'host'),
    (43, 22, 'participant'),
    (43, 23, 'participant'),

    (44, 24, 'host'),
    (44, 25, 'participant'),
    (44, 26, 'participant'),

    (45, 27, 'host'),
    (45, 28, 'participant'),
    (45, 29, 'participant'),

    (46, 30, 'host'),
    (46, 31, 'participant'),
    (46, 32, 'participant'),

    (47, 33, 'host'),
    (47, 34, 'participant'),
    (47, 35, 'participant'),

    (48, 36, 'host'),
    (48, 37, 'participant'),
    (48, 38, 'participant'),

    (49, 39, 'host'),
    (49, 40, 'participant'),
    (49, 41, 'participant'),

    (50, 42, 'host'),
    (50, 43, 'participant'),
    (50, 44, 'participant'),

    (51, 45, 'host'),
    (51, 46, 'participant'),
    (51, 47, 'participant'),

    (52, 48, 'host'),
    (52, 49, 'participant'),
    (52, 50, 'participant'),

    (53, 51, 'host'),
    (53, 52, 'participant'),
    (53, 53, 'participant'),

    (54, 54, 'host'),
    (54, 55, 'participant'),
    (54, 56, 'participant'),

    (55, 57, 'host'),
    (55, 58, 'participant'),
    (55, 59, 'participant'),

    (56, 60, 'host'),
    (56, 61, 'participant'),
    (56, 62, 'participant'),

    (57, 63, 'host'),
    (57, 64, 'participant'),
    (57, 65, 'participant'),

    (58, 66, 'host'),
    (58, 67, 'participant'),
    (58, 68, 'participant'),

    (59, 69, 'host'),
    (59, 70, 'participant'),
    (59, 71, 'participant'),

    (60, 72, 'host'),
    (60, 73, 'participant'),
    (60, 74, 'participant'),

    (61, 75, 'host'),
    (61, 76, 'participant'),
    (61, 77, 'participant'),

    (62, 78, 'host'),
    (62, 79, 'participant'),
    (62, 80, 'participant'),

    (63, 81, 'host'),
    (63, 82, 'participant'),
    (63, 83, 'participant'),

    (64, 84, 'host'),
    (64, 85, 'participant'),
    (64, 86, 'participant'),

    (65, 87, 'host'),
    (65, 88, 'participant'),
    (65, 89, 'participant'),

    (66, 26, 'host'),
    (66, 7, 'participant'),
    (66, 30, 'participant'),
    (66, 92, 'participant'),
    (66, 65, 'participant'),
    (66, 59, 'participant'),
    (66, 56, 'participant'),
    (66, 22, 'participant'),
    (66, 67, 'participant'),
    (66, 15, 'participant'),
    (66, 16, 'participant'),
    (66, 55, 'participant'),
    (66, 79, 'participant'),
    (66, 37, 'participant'),

    (67, 93, 'host'),
    (67, 94, 'participant'),
    (67, 95, 'participant'),

    (68, 96, 'host'),
    (68, 97, 'participant'),
    (68, 98, 'participant'),

    (69, 99, 'host'),
    (69, 100, 'participant'),
    (69, 101, 'participant'),

    (70, 102, 'host'),
    (70, 103, 'participant'),
    (70, 104, 'participant'),

    (71, 105, 'host'),
    (71, 106, 'participant'),
    (71, 1, 'participant'),

    (72, 2, 'host'),
    (72, 3, 'participant'),
    (72, 4, 'participant'),

    (73, 5, 'host'),
    (73, 6, 'participant'),
    (73, 7, 'participant'),

    (74, 8, 'host'),
    (74, 9, 'participant'),
    (74, 10, 'participant'),

    (75, 51, 'host'),
    (75, 21, 'participant'),
    (75, 84, 'participant'),
    (75, 55, 'participant'),
    (75, 81, 'participant'),
    (75, 44, 'participant'),
    (75, 25, 'participant'),
    (75, 86, 'participant'),
    (75, 85, 'participant'),
    (75, 62, 'participant'),
    (75, 22, 'participant'),
    (75, 7, 'participant'),
    (75, 72, 'participant'),
    (75, 12, 'participant'),
    (75, 39, 'participant'),
    (75, 19, 'participant'),
    (75, 49, 'participant'),
    (75, 20, 'participant'),
    (75, 58, 'participant'),
    (75, 3, 'participant'),
    (75, 5, 'participant'),

    (76, 14, 'host'),
    (76, 15, 'participant'),
    (76, 16, 'participant'),

    (77, 17, 'host'),
    (77, 18, 'participant'),
    (77, 19, 'participant'),

    (78, 20, 'host'),
    (78, 21, 'participant'),
    (78, 22, 'participant'),

    (79, 23, 'host'),
    (79, 24, 'participant'),
    (79, 25, 'participant'),

    (80, 26, 'host'),
    (80, 27, 'participant'),
    (80, 28, 'participant'),

    (81, 29, 'host'),
    (81, 30, 'participant'),
    (81, 31, 'participant'),

    (82, 32, 'host'),
    (82, 33, 'participant'),
    (82, 34, 'participant'),

    (83, 35, 'host'),
    (83, 36, 'participant'),
    (83, 37, 'participant'),

    (84, 99, 'host'),
    (84, 97, 'participant'),
    (84, 29, 'participant'),
    (84, 3, 'participant'),
    (84, 50, 'participant'),
    (84, 92, 'participant'),
    (84, 26, 'participant'),
    (84, 18, 'participant'),
    (84, 72, 'participant'),
    (84, 52, 'participant'),
    (84, 69, 'participant'),
    (84, 77, 'participant'),
    (84, 68, 'participant'),
    (84, 48, 'participant'),
    (84, 40, 'participant'),
    (84, 58, 'participant'),
    (84, 16, 'participant'),
    (84, 28, 'participant'),
    (84, 12, 'participant'),
    (84, 31, 'participant'),
    (84, 21, 'participant'),
    (84, 59, 'participant'),
    (84, 56, 'participant'),
    (84, 71, 'participant'),
    (84, 5, 'participant'),
    (84, 57, 'participant'),
    (84, 75, 'participant'),
    (84, 6, 'participant'),
    (84, 44, 'participant'),
    (84, 106, 'participant'),
    (84, 89, 'participant'),
    (84, 37, 'participant'),
    (84, 24, 'participant'),
    (84, 66, 'participant'),
    (84, 47, 'participant'),
    (84, 79, 'participant'),

    (85, 41, 'host'),
    (85, 42, 'participant'),
    (85, 43, 'participant'),

    (86, 44, 'host'),
    (86, 45, 'participant'),
    (86, 46, 'participant'),

    (87, 47, 'host'),
    (87, 48, 'participant'),
    (87, 49, 'participant');

-- inserari care ar fi blocate datorita constrangerilor/triggerelor

--INSERT INTO Event_participant (event_id, user_id, tip) VALUES

--	(26, 16, 'participant');

--INSERT INTO Prize (prize_id, movie_id, person_id, category, prize_year) VALUES
--    (100, 25, 2, 'Best Director', 2023);

--INSERT INTO Event_participant (event_id, user_id, tip) VALUES 
--    (1, 10, 'host');

--INSERT INTO Event_participant (event_id, user_id, tip) VALUES 
--    (1, 106, 'privitor');        